name	entry_us	exit_us	iface_us	shaderc_us	tint_us	nstages	spirv_words
gpu_shader_text	1786271253415265	1786271253975514	140	395140	164810	2	6106
gpu_shader_2D_widget_base	1786271253985494	1786271254494249	0	301580	207139	2	8396
gpu_shader_3D_uniform_color	1786271254496310	1786271254756310	6	254420	5539	2	1242
gpu_shader_3D_polyline_uniform_color	1786271254759209	1786271255047749	5	263255	25245	2	5170
gpu_shader_3D_image_color	1786271255050255	1786271255329155	10	272690	6161	2	1457
gpu_shader_2D_node_socket	1786271255332784	1786271255639415	0	292889	13711	2	3646
gpu_shader_2D_widget_base_inst	1786271255644934	1786271255950459	4	281374	24109	2	8564
gpu_shader_3D_line_dashed_uniform_color	1786271255954259	1786271256259565	4	299312	5956	2	1442
gpu_shader_2D_image_desaturate_color	1786271256262654	1786271256574334	10	304650	6977	2	1256
gpu_shader_3D_polyline_smooth_color	1786271256580960	1786271256913904	1041	317736	14135	2	5791
gpu_shader_2D_widget_shadow	1786271256916529	1786271257206615	0	281718	8331	2	2434
gpu_shader_2D_diag_stripes	1786271257208549	1786271257485795	5	273009	4190	2	1110
gpu_shader_2D_image_rect_color	1786271257487920	1786271257748784	0	254946	5870	2	1747
gpu_shader_2D_area_borders	1786271257750429	1786271258011934	0	256444	5015	2	1637
overlay_antialiasing_pipeline	1786271261130040	1786271261362269	4	219659	12526	2	6948
overlay_armature_dof	1786271261367269	1786271261588219	5	212180	8736	2	5547
overlay_armature_envelope_solid	1786271261592890	1786271261818380	6	216480	8973	2	5879
overlay_armature_envelope_outline	1786271261823144	1786271262042469	4	206205	13079	2	7931
overlay_armature_shape_solid	1786271262047180	1786271262248185	0	192060	8914	2	5732
overlay_armature_shape_outline	1786271262252760	1786271262464645	10	197404	14440	2	9712
overlay_armature_shape_wire_strip	1786271262469165	1786271262664375	4	182546	12636	2	9497
overlay_armature_shape_wire	1786271262668529	1786271262859180	6	177925	12701	2	9329
overlay_armature_sphere_solid	1786271262863109	1786271263059604	4	184630	11824	2	7810
overlay_armature_sphere_outline	1786271263063755	1786271263265289	4	191266	10235	2	6665
overlay_armature_stick	1786271263269724	1786271263472019	4	192752	9517	2	7021
overlay_armature_wire	1786271263476290	1786271263679049	4	195220	7500	2	5714
overlay_viewer_attribute_curve	1786271263682244	1786271263872484	6	184066	6126	2	4975
overlay_viewer_attribute_curves	1786271263876049	1786271264063970	6	175575	12314	2	9106
overlay_viewer_attribute_mesh	1786271264067409	1786271264246635	4	173311	5879	2	4975
overlay_viewer_attribute_pointcloud	1786271264250844	1786271264428019	0	168435	8708	2	7302
overlay_background	1786271264430899	1786271264598769	4	160710	7131	2	5713
overlay_edit_curves_handle	1786271264602474	1786271264784855	10	170050	12295	2	10179
overlay_edit_particle_strand	1786271264788395	1786271264953135	0	158660	6056	2	5534
overlay_edit_curves_point	1786271264956529	1786271265122359	4	157835	7969	2	6894
overlay_depth_curves	1786271265126214	1786271265303744	4	167565	9934	2	8849
overlay_depth_gpencil	1786271265309104	1786271265505200	0	167961	28104	2	21053
overlay_depth_mesh	1786271265508969	1786271265682210	0	168066	5140	2	4907
overlay_depth_pointcloud	1786271265686349	1786271265868685	5	174049	8261	2	7129
overlay_extra_grid	1786271265872599	1786271266056154	5	176781	6740	2	5881
overlay_extra_groundline	1786271266060065	1786271266249019	0	181640	7290	2	5655
overlay_extra_loose_point	1786271266253025	1786271266451049	6	191210	6775	2	5456
overlay_extra_point	1786271266455234	1786271266656529	0	194221	7035	2	5766
overlay_extra	1786271266660809	1786271266878759	4	203390	14514	2	9233
overlay_extra_wire_object	1786271266883379	1786271267096460	0	205221	7823	2	5761
overlay_extra_wire	1786271267100695	1786271267304375	4	195659	7985	2	6066
overlay_volume_gridlines_flags	1786271267308930	1786271267511899	4	195755	7170	2	3681
overlay_volume_gridlines_flat	1786271267515229	1786271267709675	5	188990	5435	2	2880
overlay_volume_gridlines_range	1786271267713189	1786271267908414	10	188816	6349	2	3381
overlay_volume_velocity_mac	1786271267911770	1786271268109599	6	189883	7909	2	4208
overlay_volume_velocity_needle	1786271268113220	1786271268312940	10	191010	8673	2	4451
overlay_volume_velocity_streamline	1786271268316345	1786271268528264	10	203085	8801	2	4355
overlay_grid_next	1786271268532069	1786271268781724	0	227919	21695	2	11604
overlay_image_depth_bias	1786271268787529	1786271269027895	4	229119	11195	2	5954
overlay_edit_lattice_point	1786271269033050	1786271269260199	6	219319	7786	2	5310
overlay_edit_lattice_wire	1786271269264314	1786271269485835	11	214675	6821	2	5183
overlay_edit_curve_handle	1786271269491014	1786271269734214	0	226854	16310	2	9544
overlay_edit_curve_point	1786271269739000	1786271269958464	6	211275	8150	2	5790
overlay_edit_curve_wire	1786271269962749	1786271270180760	10	210134	7814	2	5754
overlay_extra_spot_cone	1786271270185544	1786271270405659	10	206406	13685	2	8865
overlay_edit_mesh_analysis	1786271270410040	1786271270624329	6	207000	7260	2	5252
overlay_edit_mesh_depth	1786271270629125	1786271270830994	0	195200	6645	2	5436
overlay_edit_mesh_edge	1786271270835984	1786271271063549	4	208546	18995	2	13988
overlay_edit_mesh_face	1786271271067729	1786271271265499	5	189161	8584	2	6621
overlay_edit_mesh_facedot	1786271271270054	1786271271472424	0	192475	9869	2	7469
overlay_edit_mesh_skin_root	1786271271476454	1786271271671349	4	187421	7441	2	5982
overlay_edit_mesh_vert	1786271271675525	1786271271861684	4	176211	9914	2	7643
overlay_motion_path_line	1786271271865859	1786271272052365	5	176490	9989	2	8452
overlay_motion_path_point	1786271272056029	1786271272242964	0	180169	6745	2	5659
overlay_outline_detect	1786271272247184	1786271272446194	4	182301	16681	2	11917
overlay_outline_prepass_curves	1786271272450129	1786271272639474	6	177429	11894	2	10371
overlay_outline_prepass_gpencil	1786271272644669	1786271272846034	4	173501	27840	2	21485
overlay_outline_prepass_mesh	1786271272849679	1786271273026885	0	170483	6685	2	6347
overlay_outline_prepass_pointcloud	1786271273030804	1786271273219990	0	179655	9495	2	8018
overlay_outline_prepass_wire	1786271273223714	1786271273405700	0	172076	9882	2	8893
overlay_paint_weight_fake_shading	1786271273408695	1786271273592535	0	175249	8575	2	7060
overlay_particle_dot	1786271273596480	1786271273779275	10	175530	7241	2	5808
overlay_edit_particle_strand	1786271273782834	1786271273965720	10	176345	6509	2	5534
overlay_edit_particle_point	1786271273969570	1786271274154234	4	177286	7350	2	6136
overlay_particle_hair	1786271274158145	1786271274338160	4	170321	9675	2	8598
overlay_particle_shape	1786271274341805	1786271274524434	10	174515	8091	2	6980
overlay_edit_pointcloud	1786271274528015	1786271274706060	0	171950	6071	2	5486
overlay_uniform_color	1786271274709704	1786271274898945	6	183775	5446	2	4997
overlay_wireframe_curve	1786271274902954	1786271275102214	4	188980	10240	2	8315
overlay_wireframe	1786271275106680	1786271275321159	4	200035	14414	2	10413
overlay_wireframe_points	1786271275327994	1786271275549325	10	210586	10709	2	7965
workbench_resolve_opaque_studio_no_cavity_no_curvature_no_shado	1786271275554540	1786271275780009	10	213376	12061	2	6406
workbench_transparent_resolve	1786271275781659	1786271275996744	0	211291	3785	2	1018
workbench_merge_depth	1786271275998135	1786271276225904	4	224941	2812	2	845
workbench_effect_outline	1786271276227619	1786271276430795	5	198766	4385	2	1807
workbench_overlay_depth	1786271276432195	1786271276625270	0	190923	2128	2	667
workbench_taa	1786271276626804	1786271276841964	0	208926	6209	2	2766
workbench_smaa_stage_0	1786271276845859	1786271277048094	5	197059	5154	2	2153
workbench_smaa_stage_1	1786271277051170	1786271277262249	4	194009	17049	2	8766
workbench_smaa_stage_2	1786271277265655	1786271277454514	4	183096	5746	2	2539
gpu_shader_3D_polyline_flat_color	1786271277456719	1786271277652559	0	186725	9090	2	5791
overlay_wireframe_points_with_radius	1786271277658415	1786271277854530	10	185859	10219	2	8219
workbench_prepass_mesh_opaque_studio_material_no_clip	1786271277861639	1786271278052385	4	182460	8245	2	4964
draw_resource_finalize	1786271278067865	1786271278168019	4	94831	5311	1	3316
draw_visibility_compute	1786271278173094	1786271278280499	5	99255	8124	1	4348
draw_command_generate	1786271278282220	1786271278382394	4	92284	7860	1	4691
OCIO_Display	1786271278405775	1786271278600584	6	188144	6627	2	3027